CREATE DATABASE BdNetuno;
USE BdNetuno;

CREATE TABLE FUNCIONARIO(
COD_FUNCIONARIO INT PRIMARY KEY,
NOME_FUNCIONARIO VARCHAR (50) NOT NULL,
CPF_FUNCIONARIO VARCHAR (11) UNIQUE NOT NULL,
SENHA_FUNCIONARIO VARCHAR (50) NOT NULL,
EMAIL_FUNCIONARIO VARCHAR (120) UNIQUE NOT NULL,
TELEFONE_FUNCIONARIO VARCHAR (11) UNIQUE NOT NULL
)
 
CREATE TABLE ENDERECO(
COD_ENDERECO INT PRIMARY KEY,
CEP_ENDERECO VARCHAR (8) NOT NULL,
NUMERO_ENDERECO INT NOT NULL,
CIDADE_ENDERECO VARCHAR(30) NOT NULL,
BAIRRO_ENDERECO VARCHAR(30) NOT NULL,
RUA_ENDERECO VARCHAR(40) NOT NULL,
COMPLEMENTO_ENDERECO VARCHAR(30));

CREATE TABLE CLIENTE(
COD_CLIENTE INT PRIMARY KEY,
CPF_CLIENTE VARCHAR(11) UNIQUE NOT NULL,
NOME_CLIENTE VARCHAR(25) NOT NULL,
EMAIL_CLIENTE VARCHAR(40) UNIQUE NOT NULL,
TELEFONE_CLIENTE VARCHAR(11) NOT NULL);
 
CREATE TABLE HIDROMETRO(
COD_HIDROMETRO INT PRIMARY KEY, 
NUM_CHIP VARCHAR(10) UNIQUE NOT NULL,
NUMFAB_HIDROMETRO VARCHAR(6) UNIQUE NOT NULL,
MODELO VARCHAR(8) NOT NULL
);

CREATE TABLE LEITURA(
COD_LEITURA INT PRIMARY KEY, 
COD_HIDROMETRO INT NOT NULL REFERENCES HIDROMETRO,
DATA_LEITURA DATETIME NOT NULL,
LEITURA_ANTERIOR DECIMAL NOT NULL,
LEITURA_ATUAL DECIMAL NOT NULL,
CONSUMO DECIMAL NOT NULL,
MEDIA_CONSUMO DECIMAL NOT NULL);

CREATE TABLE ENDERECO_CLIENTE(
COD_ENDERECO_CLIENTE INT PRIMARY KEY,
COD_CLIENTE INT NOT NULL REFERENCES CLIENTE,
COD_ENDERECO INT NOT NULL REFERENCES ENDERECO,
DATA_INICIO DATETIME NOT NULL,
DATA_TERMINO DATETIME NOT NULL
);

CREATE TABLE GERENCIAR(
COD_GERENCIA INT PRIMARY KEY,
COD_FUNCIONARIO INT NOT NULL REFERENCES FUNCIONARIO,
COD_HIDROMETRO INT NOT NULL REFERENCES HIDROMETRO,
DATA_INICIO DATETIME NOT NULL,
DATA_TERMINO DATETIME NOT NULL
);


INSERT INTO FUNCIONARIO (COD_FUNCIONARIO, NOME_FUNCIONARIO, CPF_FUNCIONARIO, SENHA_FUNCIONARIO, EMAIL_FUNCIONARIO, TELEFONE_FUNCIONARIO) VALUES 
(1, 'João Silva', '12345678901', 'senha123', 'joao.silva@example.com', '11987654321'),
(2, 'Maria Santos', '23456789012', 'senha123', 'maria.santos@example.com', '21987654321'),
(3, 'Pedro Costa', '34567890123', 'senha123', 'pedro.costa@example.com', '31987654321'),
(4, 'Ana Oliveira', '45678901234', 'senha123', 'ana.oliveira@example.com', '41987654321'),
(5, 'Lucas Pereira', '56789012345', 'senha123', 'lucas.pereira@example.com', '51987654321'),
(6, 'Beatriz Souza', '67890123456', 'senha123', 'beatriz.souza@example.com', '61987654321'),
(7, 'Carlos Lima', '78901234567', 'senha123', 'carlos.lima@example.com', '71987654321'),
(8, 'Fernanda Alves', '89012345678', 'senha123', 'fernanda.alves@example.com', '81987654321'),
(9, 'Paulo Mendes', '90123456789', 'senha123', 'paulo.mendes@example.com', '91987654321'),
(10, 'Juliana Rodrigues', '01234567890', 'senha123', 'juliana.rodrigues@example.com', '10198765432'),
(11, 'Ricardo Cardoso', '11234567890', 'senha123', 'ricardo.cardoso@example.com', '11198765432'),
(12, 'Aline Araújo', '12234567890', 'senha123', 'aline.araujo@example.com', '12198765432'),
(13, 'Renato Gonçalves', '13234567890', 'senha123', 'renato.goncalves@example.com', '13198765432'),
(14, 'Camila Martins', '14234567890', 'senha123', 'camila.martins@example.com', '14198765432'),
(15, 'Fábio Almeida', '15234567890', 'senha123', 'fabio.almeida@example.com', '15198765432'),
(16, 'Patrícia Freitas', '16234567890', 'senha123', 'patricia.freitas@example.com', '16198765432'),
(17, 'André Silva', '17234567890', 'senha123', 'andre.silva@example.com', '17198765432'),
(18, 'Tatiana Campos', '18234567890', 'senha123', 'tatiana.campos@example.com', '18198765432'),
(19, 'Leonardo Barbosa', '19234567890', 'senha123', 'leonardo.barbosa@example.com', '19198765432'),
(20, 'Daniela Ribeiro', '20234567890', 'senha123', 'daniela.ribeiro@example.com', '20198765432');

INSERT INTO ENDERECO (COD_ENDERECO, CEP_ENDERECO, NUMERO_ENDERECO, CIDADE_ENDERECO, BAIRRO_ENDERECO, RUA_ENDERECO, COMPLEMENTO_ENDERECO) VALUES 
(1, '01001000', 123, 'São Paulo', 'Centro', 'Rua A', 'Apto 1'),
(2, '02002000', 456, 'Rio de Janeiro', 'Copacabana', 'Rua B', 'Apto 2'),
(3, '03003000', 789, 'Belo Horizonte', 'Savassi', 'Rua C', 'Casa 3'),
(4, '04004000', 101, 'Curitiba', 'Batel', 'Rua D', 'Apto 4'),
(5, '05005000', 202, 'Porto Alegre', 'Moinhos', 'Rua E', 'Apto 5'),
(6, '06006000', 303, 'Florianópolis', 'Centro', 'Rua F', 'Casa 6'),
(7, '07007000', 404, 'Salvador', 'Barra', 'Rua G', 'Apto 7'),
(8, '08008000', 505, 'Fortaleza', 'Aldeota', 'Rua H', 'Apto 8'),
(9, '09009000', 606, 'Manaus', 'Centro', 'Rua I', 'Apto 9'),
(10, '10010010', 707, 'Recife', 'Boa Viagem', 'Rua J', 'Apto 10'),
(11, '11011010', 808, 'Natal', 'Ponta Negra', 'Rua K', 'Casa 11'),
(12, '12012010', 909, 'Maceió', 'Pajuçara', 'Rua L', 'Apto 12'),
(13, '13013010', 101, 'João Pessoa', 'Tambaú', 'Rua M', 'Casa 13'),
(14, '14014010', 202, 'Teresina', 'Centro', 'Rua N', 'Apto 14'),
(15, '15015010', 303, 'Aracaju', 'Atalaia', 'Rua O', 'Casa 15'),
(16, '16016010', 404, 'São Luís', 'Centro', 'Rua P', 'Apto 16'),
(17, '17017010', 505, 'Belém', 'Nazaré', 'Rua Q', 'Casa 17'),
(18, '18018010', 606, 'Cuiabá', 'Centro', 'Rua R', 'Apto 18'),
(19, '19019010', 707, 'Campo Grande', 'Centro', 'Rua S', 'Casa 19'),
(20, '20020020', 808, 'Goiânia', 'Setor Bueno', 'Rua T', 'Apto 20');

-- Inserts para a tabela CLIENTE
INSERT INTO CLIENTE (COD_CLIENTE, CPF_CLIENTE, NOME_CLIENTE, EMAIL_CLIENTE, TELEFONE_CLIENTE) VALUES 
(1, '12312312312', 'Carlos Silva', 'carlos.silva@example.com', '99123456789'),
(2, '23423423423', 'Maria Costa', 'maria.costa@example.com', '99223456789'),
(3, '34534534534', 'João Santos', 'joao.santos@example.com', '99323456789'),
(4, '45645645645', 'Ana Souza', 'ana.souza@example.com', '99423456789'),
(5, '56756756756', 'Pedro Oliveira', 'pedro.oliveira@example.com', '99523456789'),
(6, '67867867867', 'Beatriz Lima', 'beatriz.lima@example.com', '99623456789'),
(7, '78978978978', 'Lucas Alves', 'lucas.alves@example.com', '99723456789'),
(8, '89089089089', 'Fernanda Pereira', 'fernanda.pereira@example.com', '99823456789'),
(9, '90190190190', 'Paulo Ribeiro', 'paulo.ribeiro@example.com', '99923456789'),
(10, '01201201201', 'Juliana Rocha', 'juliana.rocha@example.com', '90023456789'),
(11, '11211211211', 'Ricardo Cardoso', 'ricardo.cardoso@example.com', '90123456789'),
(12, '12212212212', 'Aline Araújo', 'aline.araujo@example.com', '90223456789'),
(13, '13213213213', 'Renato Gonçalves', 'renato.goncalves@example.com', '90323456789'),
(14, '14214214214', 'Camila Martins', 'camila.martins@example.com', '90423456789'),
(15, '15215215215', 'Fábio Almeida', 'fabio.almeida@example.com', '90523456789'),
(16, '16216216216', 'Patrícia Freitas', 'patricia.freitas@example.com', '90623456789'),
(17, '17217217217', 'André Silva', 'andre.silva@example.com', '90723456789'),
(18, '18218218218', 'Tatiana Campos', 'tatiana.campos@example.com', '90823456789'),
(19, '19219219219', 'Leonardo Barbosa', 'leonardo.barbosa@example.com', '90923456789'),
(20, '20220220220', 'Daniela Ribeiro', 'daniela.ribeiro@example.com', '91023456789');

INSERT INTO HIDROMETRO (COD_HIDROMETRO, NUM_CHIP, NUMFAB_HIDROMETRO, MODELO) VALUES 
(1, 'CHIP001', 'FAB001', 'MOD1'),
(2, 'CHIP002', 'FAB002', 'MOD2'),
(3, 'CHIP003', 'FAB003', 'MOD3'),
(4, 'CHIP004', 'FAB004', 'MOD4'),
(5, 'CHIP005', 'FAB005', 'MOD5'),
(6, 'CHIP006', 'FAB006', 'MOD6'),
(7, 'CHIP007', 'FAB007', 'MOD7'),
(8, 'CHIP008', 'FAB008', 'MOD8'),
(9, 'CHIP009', 'FAB009', 'MOD9'),
(10, 'CHIP010', 'FAB010', 'MOD10'),
(11, 'CHIP011', 'FAB011', 'MOD11'),
(12, 'CHIP012', 'FAB012', 'MOD12'),
(13, 'CHIP013', 'FAB013', 'MOD13'),
(14, 'CHIP014', 'FAB014', 'MOD14'),
(15, 'CHIP015', 'FAB015', 'MOD15'),
(16, 'CHIP016', 'FAB016', 'MOD16'),
(17, 'CHIP017', 'FAB017', 'MOD17'),
(18, 'CHIP018', 'FAB018', 'MOD18'),
(19, 'CHIP019', 'FAB019', 'MOD19'),
(20, 'CHIP020', 'FAB020', 'MOD20');

SET DATEFORMAT YMD;   

INSERT INTO LEITURA (COD_LEITURA, COD_HIDROMETRO, DATA_LEITURA, LEITURA_ANTERIOR, LEITURA_ATUAL, CONSUMO, MEDIA_CONSUMO) VALUES
(1, 1, '2019-12-05', 100, 120, 20, 10),
(2, 2, '2019-12-05', 150, 200, 50, 12.5),
(3, 3, '2019-12-05', 80, 100, 20, 5),
(4, 4, '2019-12-05', 200, 250, 50, 8.33),
(5, 5, '2019-12-05', 50, 70, 20, 4),
(6, 1, '2020-01-05', 120, 150, 30, 10),
(7, 2, '2020-01-05', 200, 250, 50, 12.5),
(8, 3, '2020-01-05', 100, 120, 20, 5),
(9, 4, '2020-01-05', 250, 280, 30, 1),
(10, 5, '2020-01-05', 70, 90, 20, 4),
(11, 1, '2020-02-05', 150, 170, 20, 10),
(12, 2, '2020-02-05', 250, 280, 30, 7.5),
(13, 3, '2020-02-05', 120, 150, 30, 12),
(14, 4, '2020-02-05', 280, 320, 40, 10),
(15, 5, '2020-02-05', 90, 110, 20, 5),
(16, 1, '2020-03-05', 170, 190, 20, 10),
(17, 2, '2020-03-05', 280, 320, 40, 10),
(18, 3, '2020-03-05', 150, 170, 20, 5),
(19, 4, '2020-03-05', 320, 360, 40, 10),
(20, 5, '2020-03-05', 110, 130, 20, 4),
(21, 1, '2020-04-05', 190, 210, 20, 10),
(22, 2, '2020-04-05', 320, 360, 40, 10),
(23, 3, '2020-04-05', 170, 190, 20, 5),
(24, 4, '2020-04-05', 360, 400, 40, 10),
(25, 5, '2020-04-05', 130, 150, 20, 4),
(26, 1, '2020-05-05', 210, 230, 20, 10),
(27, 2, '2020-05-05', 360, 400, 40, 10),
(28, 3, '2020-05-05', 190, 210, 20, 5),
(29, 4, '2020-05-05', 400, 440, 40, 10),
(30, 5, '2020-05-05', 150, 170, 20, 4),
(31, 1, '2020-06-05', 230, 250, 20, 10),
(32, 2, '2020-06-05', 400, 440, 40, 10),
(33, 3, '2020-06-05', 210, 230, 20, 5),
(34, 4, '2020-06-05', 440, 480, 40, 10),
(35, 5, '2020-06-05', 170, 190, 20, 4),
(36, 1, '2020-07-05', 250, 270, 20, 10),
(37, 2, '2020-07-05', 440, 480, 40, 10),
(38, 3, '2020-07-05', 230, 250, 20, 5),
(39, 4, '2020-07-05', 480, 520, 40, 10),
(40, 5, '2020-07-05', 190, 210, 20, 4),
(41, 1, '2020-08-05', 270, 290, 20, 10),
(42, 2, '2020-08-05', 480, 520, 40, 10),
(43, 3, '2020-08-05', 250, 270, 20, 5),
(44, 4, '2020-08-05', 520, 560, 40, 10),
(45, 5, '2020-08-05', 210, 230, 20, 4),
(46, 1, '2020-09-05', 290, 310, 20, 10),
(47, 2, '2020-09-05', 520, 560, 40, 10),
(48, 3, '2020-09-05', 270, 290, 20, 5),
(49, 4, '2020-09-05', 560, 600, 40, 10),
(50, 5, '2020-09-05', 230, 250, 20, 4),
(51, 1, '2020-10-05', 310, 330, 20, 10),
(52, 2, '2020-10-05', 560, 600, 40, 10),
(53, 3, '2020-10-05', 290, 310, 20, 5),
(54, 4, '2020-10-05', 600, 640, 40, 10),
(55, 5, '2020-10-05', 250, 270, 20, 4),
(56, 1, '2020-11-05', 330, 350, 20, 10),
(57, 2, '2020-11-05', 600, 640, 40, 10),
(58, 3, '2020-11-05', 310, 330, 20, 5),
(59, 4, '2020-11-05', 640, 680, 40, 10),
(60, 5, '2020-11-05', 270, 290, 20, 4),
(61, 1, '2020-12-05', 350, 370, 20, 10),
(62, 2, '2020-12-05', 640, 680, 40, 10),
(63, 3, '2020-12-05', 330, 350, 20, 5),
(64, 4, '2020-12-05', 680, 720, 40, 10),
(65, 5, '2020-12-05', 290, 310, 20, 4),
(66, 1, '2021-01-05', 370, 390, 20, 10),
(67, 2, '2021-01-05', 680, 720, 40, 10),
(68, 3, '2021-01-05', 350, 370, 20, 5),
(69, 4, '2021-01-05', 720, 760, 40, 10),
(70, 5, '2021-01-05', 310, 330, 20, 4),
(71, 1, '2021-02-05', 390, 410, 20, 10),
(72, 2, '2021-02-05', 720, 760, 40, 10),
(73, 3, '2021-02-05', 370, 390, 20, 5),
(74, 4, '2021-02-05', 760, 800, 40, 10),
(75, 5, '2021-02-05', 330, 350, 20, 4),
(76, 1, '2021-03-05', 410, 430, 20, 10),
(77, 2, '2021-03-05', 760, 800, 40, 10),
(78, 3, '2021-03-05', 390, 410, 20, 5),
(79, 4, '2021-03-05', 800, 840, 40, 10),
(80, 5, '2021-03-05', 350, 370, 20, 4),
(81, 1, '2021-04-05', 430, 450, 20, 10),
(82, 2, '2021-04-05', 800, 840, 40, 10),
(83, 3, '2021-04-05', 410, 430, 20, 5),
(84, 4, '2021-04-05', 840, 880, 40, 10),
(85, 5, '2021-04-05', 370, 390, 20, 4),
(86, 1, '2021-05-05', 450, 470, 20, 10),
(87, 2, '2021-05-05', 840, 880, 40, 10),
(88, 3, '2021-05-05', 430, 450, 20, 5),
(89, 4, '2021-05-05', 880, 920, 40, 10),
(90, 5, '2021-05-05', 390, 410, 20, 4),
(91, 1, '2021-06-05', 470, 490, 20, 10),
(92, 2, '2021-06-05', 880, 920, 40, 10),
(93, 3, '2021-06-05', 450, 470, 20, 5),
(94, 4, '2021-06-05', 920, 960, 40, 10),
(95, 5, '2021-06-05', 410, 430, 20, 4),
(96, 1, '2021-07-05', 490, 510, 20, 10),
(97, 2, '2021-07-05', 920, 960, 40, 10),
(98, 3, '2021-07-05', 470, 490, 20, 5),
(99, 4, '2021-07-05', 960, 1000, 40, 10),
(100, 5, '2021-07-05', 430, 450, 20, 4),
(101, 1, '2021-08-05', 510, 530, 20, 10),
(102, 2, '2021-08-05', 960, 1000, 40, 10),
(103, 3, '2021-08-05', 490, 510, 20, 5),
(104, 4, '2021-08-05', 1000, 1040, 40, 10),
(105, 5, '2021-08-05', 450, 470, 20, 4),
(106, 1, '2021-09-05', 530, 550, 20, 10),
(107, 2, '2021-09-05', 1000, 1040, 40, 10),
(108, 3, '2021-09-05', 510, 530, 20, 5),
(109, 4, '2021-09-05', 1040, 1080, 40, 10),
(110, 5, '2021-09-05', 470, 490, 20, 4),
(111, 1, '2021-10-05', 550, 570, 20, 10),
(112, 2, '2021-10-05', 1040, 1080, 40, 10),
(113, 3, '2021-10-05', 530, 550, 20, 5),
(114, 4, '2021-10-05', 1080, 1120, 40, 10),
(115, 5, '2021-10-05', 490, 510, 20, 4),
(116, 1, '2021-11-05', 570, 590, 20, 10),
(117, 2, '2021-11-05', 1080, 1120, 40, 10),
(118, 3, '2021-11-05', 550, 570, 20, 5),
(119, 4, '2021-11-05', 1120, 1160, 40, 10),
(120, 5, '2021-11-05', 510, 530, 20, 4),
(121, 1, '2021-12-05', 590, 610, 20, 10),
(122, 2, '2021-12-05', 1120, 1160, 40, 10),
(123, 3, '2021-12-05', 570, 590, 20, 5),
(124, 4, '2021-12-05', 1160, 1200, 40, 10),
(125, 5, '2021-12-05', 530, 550, 20, 4),
(126, 1, '2022-01-05', 610, 630, 20, 10),
(127, 2, '2022-01-05', 1160, 1200, 40, 10),
(128, 3, '2022-01-05', 590, 610, 20, 5),
(129, 4, '2022-01-05', 1200, 1240, 40, 10),
(130, 5, '2022-01-05', 550, 570, 20, 4),
(131, 1, '2022-02-05', 630, 650, 20, 10),
(132, 2, '2022-02-05', 1200, 1240, 40, 10),
(133, 3, '2022-02-05', 610, 630, 20, 5),
(134, 4, '2022-02-05', 1240, 1280, 40, 10),
(135, 5, '2022-02-05', 570, 590, 20, 4),
(136, 1, '2022-03-05', 650, 670, 20, 10),
(137, 2, '2022-03-05', 1240, 1280, 40, 10),
(138, 3, '2022-03-05', 630, 650, 20, 5),
(139, 4, '2022-03-05', 1280, 1320, 40, 10),
(140, 5, '2022-03-05', 590, 610, 20, 4),
(141, 1, '2022-04-05', 670, 690, 20, 10),
(142, 2, '2022-04-05', 1280, 1320, 40, 10),
(143, 3, '2022-04-05', 650, 670, 20, 5),
(144, 4, '2022-04-05', 1320, 1360, 40, 10),
(145, 5, '2022-04-05', 610, 630, 20, 4),
(146, 1, '2022-05-05', 690, 710, 20, 10),
(147, 2, '2022-05-05', 1320, 1360, 40, 10),
(148, 3, '2022-05-05', 670, 690, 20, 5),
(149, 4, '2022-05-05', 1360, 1400, 40, 10),
(150, 5, '2022-05-05', 630, 650, 20, 4),
(151, 1, '2022-06-05', 710, 730, 20, 10),
(152, 2, '2022-06-05', 1360, 1400, 40, 10),
(153, 3, '2022-06-05', 690, 710, 20, 5),
(154, 4, '2022-06-05', 1400, 1440, 40, 10),
(155, 5, '2022-06-05', 650, 670, 20, 4),
(156, 1, '2022-07-05', 730, 750, 20, 10),
(157, 2, '2022-07-05', 1400, 1440, 40, 10),
(158, 3, '2022-07-05', 710, 730, 20, 5),
(159, 4, '2022-07-05', 1440, 1480, 40, 10),
(160, 5, '2022-07-05', 670, 690, 20, 4),
(161, 1, '2022-08-05', 750, 770, 20, 10),
(162, 2, '2022-08-05', 1440, 1480, 40, 10),
(163, 3, '2022-08-05', 730, 750, 20, 5),
(164, 4, '2022-08-05', 1480, 1520, 40, 10),
(165, 5, '2022-08-05', 690, 710, 20, 4),
(166, 1, '2022-09-05', 770, 790, 20, 10),
(167, 2, '2022-09-05', 1480, 1520, 40, 10),
(168, 3, '2022-09-05', 750, 770, 20, 5),
(169, 4, '2022-09-05', 1520, 1560, 40, 10),
(170, 5, '2022-09-05', 710, 730, 20, 4),
(171, 1, '2022-10-05', 790, 810, 20, 10),
(172, 2, '2022-10-05', 1520, 1560, 40, 10),
(173, 3, '2022-10-05', 770, 790, 20, 5),
(174, 4, '2022-10-05', 1560, 1600, 40, 10),
(175, 5, '2022-10-05', 730, 750, 20, 4),
(176, 1, '2022-11-05', 810, 830, 20, 10),
(177, 2, '2022-11-05', 1560, 1600, 40, 10),
(178, 3, '2022-11-05', 790, 810, 20, 5),
(179, 4, '2022-11-05', 1600, 1640, 40, 10),
(180, 5, '2022-11-05', 750, 770, 20, 4),
(181, 1, '2022-12-05', 830, 850, 20, 10),
(182, 2, '2022-12-05', 1600, 1640, 40, 10),
(183, 3, '2022-12-05', 810, 830, 20, 5),
(184, 4, '2022-12-05', 1640, 1680, 40, 10),
(185, 5, '2022-12-05', 770, 790, 20, 4),
(186, 1, '2023-01-05', 850, 870, 20, 10),
(187, 2, '2023-01-05', 1640, 1680, 40, 10),
(188, 3, '2023-01-05', 830, 850, 20, 5),
(189, 4, '2023-01-05', 1680, 1720, 40, 10),
(190, 5, '2023-01-05', 790, 810, 20, 4),
(191, 1, '2023-02-05', 870, 890, 20, 10),
(192, 2, '2023-02-05', 1680, 1720, 40, 10),
(193, 3, '2023-02-05', 850, 870, 20, 5),
(194, 4, '2023-02-05', 1720, 1760, 40, 10),
(195, 5, '2023-02-05', 810, 830, 20, 4),
(196, 1, '2023-03-05', 890, 910, 20, 10),
(197, 2, '2023-03-05', 1720, 1760, 40, 10),
(198, 3, '2023-03-05', 870, 890, 20, 5),
(199, 4, '2023-03-05', 1760, 1800, 40, 10),
(200, 5, '2023-03-05', 830, 850, 20, 4),
(201, 1, '2023-04-05', 910, 930, 20, 10),
(202, 2, '2023-04-05', 1760, 1800, 40, 10),
(203, 3, '2023-04-05', 890, 910, 20, 5),
(204, 4, '2023-04-05', 1800, 1840, 40, 10),
(205, 5, '2023-04-05', 850, 870, 20, 4),
(206, 1, '2023-05-05', 930, 950, 20, 10),
(207, 2, '2023-05-05', 1800, 1840, 40, 10),
(208, 3, '2023-05-05', 910, 930, 20, 5),
(209, 4, '2023-05-05', 1840, 1880, 40, 10),
(210, 5, '2023-05-05', 870, 890, 20, 4),
(211, 1, '2023-06-05', 950, 970, 20, 10),
(212, 2, '2023-06-05', 1840, 1880, 40, 10),
(213, 3, '2023-06-05', 930, 950, 20, 5),
(214, 4, '2023-06-05', 1880, 1920, 40, 10),
(215, 5, '2023-06-05', 890, 910, 20, 4),
(216, 1, '2023-07-05', 970, 990, 20, 10),
(217, 2, '2023-07-05', 1880, 1920, 40, 10),
(218, 3, '2023-07-05', 950, 970, 20, 5),
(219, 4, '2023-07-05', 1920, 1960, 40, 10),
(220, 5, '2023-07-05', 910, 930, 20, 4),
(221, 1, '2023-08-05', 990, 1010, 20, 10),
(222, 2, '2023-08-05', 1920, 1960, 40, 10),
(223, 3, '2023-08-05', 970, 990, 20, 5),
(224, 4, '2023-08-05', 1960, 2000, 40, 10),
(225, 5, '2023-08-05', 930, 950, 20, 4),
(226, 1, '2023-09-05', 1010, 1030, 20, 10),
(227, 2, '2023-09-05', 1960, 2000, 40, 10),
(228, 3, '2023-09-05', 990, 1010, 20, 5),
(229, 4, '2023-09-05', 2000, 2040, 40, 10),
(230, 5, '2023-09-05', 950, 970, 20, 4),
(231, 1, '2023-10-05', 1030, 1050, 20, 10),
(232, 2, '2023-10-05', 2000, 2040, 40, 10),
(233, 3, '2023-10-05', 1010, 1030, 20, 5),
(234, 4, '2023-10-05', 2040, 2080, 40, 10),
(235, 5, '2023-10-05', 970, 990, 20, 4),
(236, 1, '2023-11-05', 1050, 1070, 20, 10),
(237, 2, '2023-11-05', 2040, 2080, 40, 10),
(238, 3, '2023-11-05', 1030, 1050, 20, 5),
(239, 4, '2023-11-05', 2080, 2120, 40, 10),
(240, 5, '2023-11-05', 990, 1010, 20, 4),
(241, 1, '2023-12-05', 1070, 1090, 20, 10),
(242, 2, '2023-12-05', 2080, 2120, 40, 10),
(243, 3, '2023-12-05', 1050, 1070, 20, 5),
(244, 4, '2023-12-05', 2120, 2160, 40, 10),
(245, 5, '2023-12-05', 1010, 1030, 20, 4),
(246, 1, '2024-01-05', 1090, 1110, 20, 10),
(247, 2, '2024-01-05', 2120, 2160, 40, 10),
(248, 3, '2024-01-05', 1070, 1090, 20, 5),
(249, 4, '2024-01-05', 2160, 2200, 40, 10),
(250, 5, '2024-01-05', 1030, 1050, 20, 4),
(251, 1, '2024-02-05', 1110, 1130, 20, 10),
(252, 2, '2024-02-05', 2160, 2200, 40, 10),
(253, 3, '2024-02-05', 1090, 1110, 20, 5),
(254, 4, '2024-02-05', 2200, 2240, 40, 10),
(255, 5, '2024-02-05', 1050, 1070, 20, 4),
(256, 1, '2024-03-05', 1130, 1150, 20, 10),
(257, 2, '2024-03-05', 2240, 2280, 40, 10),
(258, 3, '2024-03-05', 1110, 1130, 20, 5),
(259, 4, '2024-03-05', 2280, 2320, 40, 10),
(260, 5, '2024-03-05', 1070, 1090, 20, 4),
(261, 1, '2024-04-05', 1150, 1170, 20, 10),
(262, 2, '2024-04-05', 2320, 2360, 40, 10),
(263, 3, '2024-04-05', 1130, 1150, 20, 5),
(264, 4, '2024-04-05', 2360, 2400, 40, 10),
(265, 5, '2024-04-05', 1090, 1110, 20, 4),
(266, 1, '2024-05-05', 1170, 1190, 20, 10),
(267, 2, '2024-05-05', 2400, 2440, 40, 10),
(268, 3, '2024-05-05', 1150, 1170, 20, 5),
(269, 4, '2024-05-05', 2440, 2480, 40, 10),
(270, 5, '2024-05-05', 1110, 1130, 20, 4);

SELECT SUM(CONSUMO) AS 'CONSUMO_ANO' FROM LEITURA WHERE YEAR(DATA_LEITURA) = YEAR(GETDATE())

SELECT COUNT(DISTINCT DATENAME(MM,DATA_LEITURA)) AS 'QTD_MESES' FROM LEITURA WHERE YEAR(DATA_LEITURA) = 2024 

SELECT DATENAME(MM,DATA_LEITURA) FROM LEITURA WHERE YEAR(DATA_LEITURA) = 2023 GROUP BY DATENAME(MM,DATA_LEITURA)
SELECT SUM(CONSUMO) AS 'CONSUMO_MES' FROM LEITURA WHERE MONTH(DATA_LEITURA) = MONTH(GETDATE()) - ? AND YEAR(DATA_LEITURA) = YEAR(GETDATE());

